[{"__type__":"cc.SpriteFrame","content":{"name":"background","texture":"0a8z+LRRJFL4/64Bdc7nZ8","rect":[0,0,512,362],"offset":[0,0],"originalSize":[512,362],"capInsets":[0,0,0,0]}},[{"__type__":"cc.SceneAsset","_name":"GameOver","scene":{"__id__":1},"asyncLoadAssets":null},{"__type__":"cc.Scene","_name":"New Node","_children":[{"__id__":2}],"_anchorPoint":{"__type__":"cc.Vec2"},"_trs":{"__type__":"TypedArray","ctor":"Float64Array","array":[0,0,0,0,0,0,1,1,1,1]},"autoReleaseAssets":false},{"__type__":"cc.Node","_name":"Canvas","_parent":{"__id__":1},"_children":[{"__id__":3},{"__id__":4},{"__id__":5},{"__id__":6}],"_components":[{"__type__":"cc.Canvas","node":{"__id__":2}},{"__type__":"cc.Widget","node":{"__id__":2},"_alignFlags":45}],"_contentSize":{"__type__":"cc.Size","width":960,"height":640},"_trs":{"__type__":"TypedArray","ctor":"Float64Array","array":[480,320,0,0,0,0,1,1,1,1]},"_id":"a5esZu+45LA5mBpvttspPD"},{"__type__":"cc.Node","_name":"Main Camera","_parent":{"__id__":2},"_components":[{"__type__":"cc.Camera","node":{"__id__":3},"_clearFlags":7,"_depth":-1}],"_contentSize":{"__type__":"cc.Size","width":960,"height":640},"_trs":{"__type__":"TypedArray","ctor":"Float64Array","array":[0,0,554.2562584220408,0,0,0,1,1,1,1]}},{"__type__":"cc.Node","_name":"background","_parent":{"__id__":2},"_components":[{"__type__":"cc.Sprite","node":{"__id__":4},"_materials":[{"__uuid__":"ecpdLyjvZBwrvm+cedCcQy"}],"_spriteFrame":{"__uuid__":"11uCRMttlFd7N+YnuVInhI"},"_sizeMode":0}],"_contentSize":{"__type__":"cc.Size","width":1360,"height":760},"_trs":{"__type__":"TypedArray","ctor":"Float64Array","array":[0,0,0,0,0,0,1,1,1,1]}},{"__type__":"cc.Node","_name":"GameOver","_parent":{"__id__":2},"_components":[{"__type__":"cc.Label","node":{"__id__":5},"_materials":[{"__uuid__":"ecpdLyjvZBwrvm+cedCcQy"}],"_useOriginalSize":false,"_string":"GAME OVER","_N$string":"GAME OVER","_N$file":{"__uuid__":"97fP6bIcdJjrBgVBgAURqL"},"_isSystemFontUsed":false,"_N$horizontalAlign":1,"_N$verticalAlign":1}],"_contentSize":{"__type__":"cc.Size","width":238.89,"height":40},"_trs":{"__type__":"TypedArray","ctor":"Float64Array","array":[0,150,0,0,0,0,1,1,1,1]}},{"__type__":"cc.Node","_name":"replay","_parent":{"__id__":2},"_components":[{"__type__":"cc.Sprite","node":{"__id__":6},"_materials":[{"__uuid__":"ecpdLyjvZBwrvm+cedCcQy"}],"_spriteFrame":{"__uuid__":"a3QxKjqZNF0or3Hczq1tMK"},"_sizeMode":0},{"__type__":"08dc9I1LElEfIzYxzLXCtGN","node":{"__id__":6}}],"_contentSize":{"__type__":"cc.Size","width":194,"height":89},"_trs":{"__type__":"TypedArray","ctor":"Float64Array","array":[0,0,0,0,0,0,1,1,1,1]}}],{"__type__":"cc.SpriteFrame","content":{"name":"replay","texture":"4caL2w0+pJMbG4Q7mM1Tmm","rect":[22,153,450,200],"offset":[0,-0.5],"originalSize":[494,505],"capInsets":[0,0,0,0]}}]