[{"__type__":"cc.SpriteFrame","content":{"name":"background","texture":"0a8z+LRRJFL4/64Bdc7nZ8","rect":[0,0,512,362],"offset":[0,0],"originalSize":[512,362],"capInsets":[0,0,0,0]}},{"__type__":"cc.SpriteFrame","content":{"name":"ground","texture":"3e2Ug6031GmYdik5kQw+En","rect":[0,0,256,256],"offset":[0,0],"originalSize":[256,256],"capInsets":[0,0,0,0]}},{"__type__":"cc.AudioClip","_name":"score","_native":".mp3"},[{"__type__":"cc.Prefab","_name":"star","data":{"__id__":1}},{"__type__":"cc.Node","_name":"star","_components":[{"__type__":"cc.Sprite","node":{"__id__":1},"_materials":[{"__uuid__":"ecpdLyjvZBwrvm+cedCcQy"}],"_spriteFrame":{"__uuid__":"8fi6VPcPZMoYbZ3dvYXnad"}},{"__type__":"fea7eAiMztCJZeFsAlXqPCo","node":{"__id__":1},"pickRadius":60}],"_prefab":{"__type__":"cc.PrefabInfo","root":{"__id__":1},"asset":{"__uuid__":"65KrNXv9VDPahZyKkuydTG"},"fileId":"50XlNe2+ZL256rWkuFsHCk"},"_contentSize":{"__type__":"cc.Size","width":60,"height":66},"_trs":{"__type__":"TypedArray","ctor":"Float64Array","array":[-242.92,68.54,0,0,0,0,1,1,1,1]}}],{"__type__":"cc.SpriteFrame","content":{"name":"star","texture":"80x7HnHfdPx5TlxTBzhCDt","rect":[6,8,52,51],"offset":[2,2],"originalSize":[60,71],"capInsets":[0,0,0,0]}},{"__type__":"cc.SpriteFrame","content":{"name":"PurpleMonster","texture":"c6tf0Tan9Bh4cWEYnl0Twn","rect":[8,3,62,62],"offset":[0,-0.5],"originalSize":[78,67],"capInsets":[0,0,0,0]}},[{"__type__":"cc.SceneAsset","_name":"Game","scene":{"__id__":1},"asyncLoadAssets":null},{"__type__":"cc.Scene","_name":"New Node","_children":[{"__id__":2}],"_active":false,"_anchorPoint":{"__type__":"cc.Vec2"},"_trs":{"__type__":"TypedArray","ctor":"Float64Array","array":[0,0,0,0,0,0,1,1,1,1]},"autoReleaseAssets":false},{"__type__":"cc.Node","_name":"Canvas","_parent":{"__id__":1},"_children":[{"__id__":3},{"__id__":4},{"__id__":5},{"__id__":6},{"__id__":7}],"_components":[{"__type__":"cc.Canvas","node":{"__id__":2}},{"__type__":"cc.Widget","node":{"__id__":2},"_alignFlags":45},{"__type__":"ad6edg7nW5DZqM23EA0d6yk","node":{"__id__":2},"starPrefab":{"__uuid__":"65KrNXv9VDPahZyKkuydTG"},"maxStarDuration":5,"minStarDuration":3,"ground":{"__id__":5},"player":{"__id__":6},"scoreDisplay":{"__id__":8},"scoreAudio":{"__uuid__":"550RC5urZNnZQWA+RpBPo1"}}],"_contentSize":{"__type__":"cc.Size","width":960,"height":640},"_trs":{"__type__":"TypedArray","ctor":"Float64Array","array":[480,320,0,0,0,0,1,1,1,1]},"_id":"a5esZu+45LA5mBpvttspPD"},{"__type__":"cc.Node","_name":"Main Camera","_parent":{"__id__":2},"_components":[{"__type__":"cc.Camera","node":{"__id__":3},"_clearFlags":7,"_depth":-1}],"_contentSize":{"__type__":"cc.Size","width":960,"height":640},"_trs":{"__type__":"TypedArray","ctor":"Float64Array","array":[0,0,384.8508746958564,0,0,0,1,1,1,1]}},{"__type__":"cc.Node","_name":"background","_parent":{"__id__":2},"_components":[{"__type__":"cc.Sprite","node":{"__id__":4},"_materials":[{"__uuid__":"ecpdLyjvZBwrvm+cedCcQy"}],"_spriteFrame":{"__uuid__":"11uCRMttlFd7N+YnuVInhI"},"_sizeMode":0}],"_contentSize":{"__type__":"cc.Size","width":1360,"height":760},"_trs":{"__type__":"TypedArray","ctor":"Float64Array","array":[0,0,0,0,0,0,1,1,1,1]}},{"__type__":"cc.Node","_name":"ground","_parent":{"__id__":2},"_components":[{"__type__":"cc.Sprite","node":{"__id__":5},"_materials":[{"__uuid__":"ecpdLyjvZBwrvm+cedCcQy"}],"_spriteFrame":{"__uuid__":"42ZifUFO9HG6/unBZYJRqs"},"_sizeMode":0}],"_contentSize":{"__type__":"cc.Size","width":1360,"height":250},"_trs":{"__type__":"TypedArray","ctor":"Float64Array","array":[0,-250,0,0,0,0,1,1,1,1]}},{"__type__":"cc.Node","_name":"Player","_parent":{"__id__":2},"_components":[{"__type__":"cc.Sprite","node":{"__id__":6},"_materials":[{"__uuid__":"ecpdLyjvZBwrvm+cedCcQy"}],"_spriteFrame":{"__uuid__":"a70y/BSilJHqXiCJIGPTXQ"}},{"__type__":"b33a4KvUWREIp2mK/jx2wSu","node":{"__id__":6},"jumpHeight":200,"jumpDuration":0.5,"maxMoveSpeed":400,"accel":500,"jumpAudio":{"__uuid__":"dcGU8ayKVGyqr58Dtwl0r1"}}],"_contentSize":{"__type__":"cc.Size","width":62,"height":62},"_anchorPoint":{"__type__":"cc.Vec2","x":0.5},"_trs":{"__type__":"TypedArray","ctor":"Float64Array","array":[0,-125,0,0,0,0,1,1,1,1]}},{"__type__":"cc.Node","_name":"score","_parent":{"__id__":2},"_components":[{"__id__":8}],"_contentSize":{"__type__":"cc.Size","width":190.28,"height":40},"_trs":{"__type__":"TypedArray","ctor":"Float64Array","array":[0,180,0,0,0,0,1,1,1,1]}},{"__type__":"cc.Label","node":{"__id__":7},"_materials":[{"__uuid__":"ecpdLyjvZBwrvm+cedCcQy"}],"_useOriginalSize":false,"_string":"Score: 0","_N$string":"Score: 0","_fontSize":50,"_N$file":{"__uuid__":"97fP6bIcdJjrBgVBgAURqL"},"_isSystemFontUsed":false,"_N$horizontalAlign":1,"_N$verticalAlign":1}],{"__type__":"cc.AudioClip","_name":"jump","_native":".mp3"}]